{"value_loss": 0.08710744455456734, "_timestamp": 1656940444, "_runtime": 21, "policy_loss": -0.004567219572684955, "dist_entropy": 1.4490119695663453, "actor_grad_norm": 0.09528817981481552, "critic_grad_norm": 0.47685882449150085, "ratio": 1.0005627870559692, "average_episode_rewards": -176.37841701507568, "agent0/individual_rewards": -2.235262901103617, "agent1/individual_rewards": -2.235262901103617, "agent2/individual_rewards": -2.227450401103617, "_step": 51200, "_wandb": {"runtime": 24}}