{"value_loss": 0.32618637979030607, "_timestamp": 1656950384, "_runtime": 12, "policy_loss": -0.0029551888945279605, "dist_entropy": 1.5562461376190186, "actor_grad_norm": 0.08477683365345001, "critic_grad_norm": 0.5125099420547485, "ratio": 0.9999228715896606, "average_episode_rewards": -196.4746117591858, "agent0/individual_rewards": -2.601431472761909, "agent1/individual_rewards": -2.601431472761909, "agent2/individual_rewards": -2.593618972761909, "_step": 19200, "_wandb": {"runtime": 15}}