{"value_loss": 0.01870234925299883, "_timestamp": 1656929762, "_runtime": 174, "policy_loss": -0.008039564495811646, "dist_entropy": 0.9516994714736938, "actor_grad_norm": 0.261503666639328, "critic_grad_norm": 0.10444539040327072, "ratio": 1.0003246068954468, "average_episode_rewards": -148.78716468811035, "agent0/individual_rewards": -1.7792549384767535, "agent1/individual_rewards": -1.8339424384767535, "agent2/individual_rewards": -1.8026924384767535, "_step": 467200, "_wandb": {"runtime": 175}}