{"value_loss": 0.021991876326501368, "_timestamp": 1656986332, "_runtime": 349, "policy_loss": -0.008994324845572166, "dist_entropy": 0.9927349627017975, "actor_grad_norm": 0.2105778008699417, "critic_grad_norm": 0.20281009376049042, "ratio": 0.9998828172683716, "average_episode_rewards": -146.9202995300293, "agent0/individual_rewards": -1.7989151406280466, "agent1/individual_rewards": -1.7911026406280466, "agent2/individual_rewards": -1.8223526406280466, "_step": 950400, "_wandb": {"runtime": 355}}