{"value_loss": 0.017560872063040734, "_timestamp": 1656959162, "_runtime": 8267, "policy_loss": -0.009356481383554893, "dist_entropy": 0.7290244162082672, "actor_grad_norm": 0.36365604400634766, "critic_grad_norm": 0.07176697254180908, "ratio": 1.000200629234314, "average_episode_rewards": -126.52724981307983, "agent0/individual_rewards": -1.3880132333632154, "agent1/individual_rewards": -1.4505132333632154, "agent2/individual_rewards": -1.4192632333632154, "_step": 1987200, "_wandb": {"runtime": 8274}}