{"value_loss": 1.0478224754333496, "_timestamp": 1656940669, "_runtime": 8, "policy_loss": -0.0038985681829444728, "dist_entropy": 1.6060248851776122, "actor_grad_norm": 0.08429977297782898, "critic_grad_norm": 1.2416294813156128, "ratio": 1.000073790550232, "average_episode_rewards": -223.35774898529053, "agent0/individual_rewards": -3.1734238600655464, "agent1/individual_rewards": -3.1577988600655464, "agent2/individual_rewards": -3.1577988600655464, "_step": 3200, "_wandb": {"runtime": 11}}