{"value_loss": 0.27432610988616946, "_timestamp": 1656950222, "_runtime": 18, "policy_loss": 1.1940797239873291e-08, "dist_entropy": 1.6093654036521912, "actor_grad_norm": 0.0, "critic_grad_norm": 0.7867569327354431, "ratio": 1.0, "average_episode_rewards": -213.631010055542, "agent0/individual_rewards": -3.0429213899656546, "agent1/individual_rewards": -3.042921389965654, "agent2/individual_rewards": -3.042921389965654, "_step": 19200, "_wandb": {"runtime": 19}}