{"value_loss": 1.0478781819343568, "_timestamp": 1656929576, "_runtime": 8, "policy_loss": -0.0038983866709031644, "dist_entropy": 1.6060247778892518, "actor_grad_norm": 0.08429732173681259, "critic_grad_norm": 1.2426362037658691, "ratio": 1.000073790550232, "average_episode_rewards": -223.35774898529053, "agent0/individual_rewards": -3.1734238600655464, "agent1/individual_rewards": -3.1577988600655464, "agent2/individual_rewards": -3.1577988600655464, "_step": 3200, "_wandb": {"runtime": 10}}