{"value_loss": 0.028556887432932852, "_timestamp": 1656950569, "_runtime": 137, "policy_loss": -0.005650273314677179, "dist_entropy": 1.1075807690620423, "actor_grad_norm": 0.11044780164957047, "critic_grad_norm": 0.1751134991645813, "ratio": 1.000960350036621, "average_episode_rewards": -165.3649926185608, "agent0/individual_rewards": -2.135573425443095, "agent1/individual_rewards": -2.127760925443095, "agent2/individual_rewards": -2.096510925443095, "_step": 195200, "_wandb": {"runtime": 139}}