{"value_loss": 0.035384233109652996, "_timestamp": 1656985966, "_runtime": 230, "policy_loss": -0.006624162405186018, "dist_entropy": 1.2279014825820922, "actor_grad_norm": 0.123692087829113, "critic_grad_norm": 0.2436494678258896, "ratio": 1.0003772974014282, "average_episode_rewards": -165.8283829689026, "agent0/individual_rewards": -1.9727556216944884, "agent1/individual_rewards": -1.9805681216944881, "agent2/individual_rewards": -2.027443121694488, "_step": 662400, "_wandb": {"runtime": 231}}