{"value_loss": 0.025473004393279552, "_timestamp": 1656984898, "_runtime": 108, "policy_loss": -0.00750600422639387, "dist_entropy": 1.0659921526908875, "actor_grad_norm": 0.1884758025407791, "critic_grad_norm": 0.18894553184509277, "ratio": 0.9990963339805603, "average_episode_rewards": -159.64795351028442, "agent0/individual_rewards": -1.98817679283386, "agent1/individual_rewards": -2.01942679283386, "agent2/individual_rewards": -2.03505179283386, "_step": 307200, "_wandb": {"runtime": 113}}