{"value_loss": 0.01179983587935567, "_timestamp": 1656949056, "_runtime": 326, "policy_loss": -0.008793540249733667, "dist_entropy": 0.9364547550678253, "actor_grad_norm": 0.273468554019928, "critic_grad_norm": 0.0751868262887001, "ratio": 0.9995870590209961, "average_episode_rewards": -136.22440099716187, "agent0/individual_rewards": -1.584566833214073, "agent1/individual_rewards": -1.568941833214073, "agent2/individual_rewards": -1.553316833214073, "_step": 899200, "_wandb": {"runtime": 331}}