{"value_loss": 0.16261980086565017, "_timestamp": 1656941430, "_runtime": 14, "policy_loss": -0.0036515916108231573, "dist_entropy": 1.4971116423606872, "actor_grad_norm": 0.08922629803419113, "critic_grad_norm": 0.40395689010620117, "ratio": 1.000928521156311, "average_episode_rewards": -186.02396249771118, "agent0/individual_rewards": -2.350084507787551, "agent1/individual_rewards": -2.357897007787551, "agent2/individual_rewards": -2.350084507787551, "_step": 35200, "_wandb": {"runtime": 19}}