{"value_loss": 0.03247800022363663, "_timestamp": 1656983715, "_runtime": 63, "policy_loss": -0.0058860597260451675, "dist_entropy": 1.1850544214248657, "actor_grad_norm": 0.1300005167722702, "critic_grad_norm": 0.18303555250167847, "ratio": 0.9996863603591919, "average_episode_rewards": -166.29714965820312, "agent0/individual_rewards": -2.0536144395156857, "agent1/individual_rewards": -2.0379894395156857, "agent2/individual_rewards": -2.0770519395156857, "_step": 195200, "_wandb": {"runtime": 69}}