{"value_loss": 0.017020958475768566, "_timestamp": 1656985284, "_runtime": 371, "policy_loss": -0.008742543805701075, "dist_entropy": 0.9815626740455627, "actor_grad_norm": 0.21557357907295227, "critic_grad_norm": 0.10623832046985626, "ratio": 1.0000923871994019, "average_episode_rewards": -145.48990726470947, "agent0/individual_rewards": -1.7432606892676057, "agent1/individual_rewards": -1.7354481892676057, "agent2/individual_rewards": -1.7823231892676057, "_step": 998400, "_wandb": {"runtime": 372}}