{"value_loss": 0.01982287522405386, "_timestamp": 1656985721, "_runtime": 342, "policy_loss": -0.007435480977098052, "dist_entropy": 1.0564233183860778, "actor_grad_norm": 0.20200864970684052, "critic_grad_norm": 0.1365126222372055, "ratio": 1.0004557371139526, "average_episode_rewards": -148.54249954223633, "agent0/individual_rewards": -1.8046153436639478, "agent1/individual_rewards": -1.7889903436639478, "agent2/individual_rewards": -1.8046153436639478, "_step": 902400, "_wandb": {"runtime": 345}}