{"value_loss": 0.006414960836991668, "_timestamp": 1656431288, "_runtime": 7399, "policy_loss": -0.009570452951811604, "dist_entropy": 0.4112569481134415, "actor_grad_norm": 0.2573400139808655, "critic_grad_norm": 0.03598056361079216, "ratio": 0.9991241693496704, "average_episode_rewards": -111.66898012161255, "agent0/individual_rewards": -1.2003634725131638, "agent1/individual_rewards": -1.215988472513164, "agent2/individual_rewards": -1.1925509725131638, "_step": 19987200, "_wandb": {"runtime": 7404}}